ID,Name,Email,Email Verified,Created At,Updated At
"user_1","User 1","user1@example.com","true","8/22/2025, 9:22:42 AM","9/18/2025, 2:33:31 PM"
"user_2","User 2","user2@example.com","true","8/28/2025, 10:03:01 AM","9/18/2025, 2:33:31 PM"
"user_3","User 3","user3@example.com","true","9/2/2025, 9:49:11 PM","9/18/2025, 2:33:31 PM"
"user_4","User 4","user4@example.com","true","9/6/2025, 1:13:12 PM","9/18/2025, 2:33:31 PM"
"user_5","User 5","user5@example.com","false","8/25/2025, 8:21:37 AM","9/18/2025, 2:33:31 PM"
"user_6","User 6","user6@example.com","true","9/7/2025, 2:25:46 PM","9/18/2025, 2:33:31 PM"
"user_7","User 7","user7@example.com","true","9/11/2025, 3:02:20 AM","9/18/2025, 2:33:31 PM"
"user_8","User 8","user8@example.com","true","9/9/2025, 10:41:10 PM","9/18/2025, 2:33:31 PM"
"user_9","User 9","user9@example.com","true","8/28/2025, 1:40:57 AM","9/18/2025, 2:33:31 PM"
"user_10","User 10","user10@example.com","true","9/8/2025, 6:21:24 PM","9/18/2025, 2:33:31 PM"
"user_11","User 11","user11@example.com","true","8/28/2025, 2:40:22 AM","9/18/2025, 2:33:31 PM"
"user_12","User 12","user12@example.com","false","8/30/2025, 8:32:06 PM","9/18/2025, 2:33:31 PM"
"user_13","User 13","user13@example.com","true","9/17/2025, 2:14:18 PM","9/18/2025, 2:33:31 PM"
"user_14","User 14","user14@example.com","true","9/3/2025, 12:10:00 AM","9/18/2025, 2:33:31 PM"
"user_15","User 15","user15@example.com","true","9/1/2025, 6:34:02 PM","9/18/2025, 2:33:31 PM"
"user_16","User 16","user16@example.com","false","9/1/2025, 7:45:59 PM","9/18/2025, 2:33:31 PM"
"user_17","User 17","user17@example.com","false","9/10/2025, 12:21:52 AM","9/18/2025, 2:33:31 PM"
"user_18","User 18","user18@example.com","true","9/5/2025, 5:41:11 PM","9/18/2025, 2:33:31 PM"
"user_19","User 19","user19@example.com","false","9/1/2025, 11:06:02 AM","9/18/2025, 2:33:31 PM"
"user_20","User 20","user20@example.com","true","8/28/2025, 12:20:27 AM","9/18/2025, 2:33:31 PM"
"user_21","User 21","user21@example.com","true","8/28/2025, 7:37:01 AM","9/18/2025, 2:33:31 PM"
"user_22","User 22","user22@example.com","false","9/7/2025, 9:27:17 AM","9/18/2025, 2:33:31 PM"
"user_23","User 23","user23@example.com","false","8/22/2025, 8:43:41 AM","9/18/2025, 2:33:31 PM"
"user_24","User 24","user24@example.com","true","9/9/2025, 5:03:57 PM","9/18/2025, 2:33:31 PM"
"user_25","User 25","user25@example.com","true","8/23/2025, 4:19:52 AM","9/18/2025, 2:33:31 PM"
"user_26","User 26","user26@example.com","true","8/26/2025, 1:41:06 PM","9/18/2025, 2:33:31 PM"
"user_27","User 27","user27@example.com","true","8/28/2025, 11:02:36 PM","9/18/2025, 2:33:31 PM"
"user_28","User 28","user28@example.com","true","9/8/2025, 1:22:00 AM","9/18/2025, 2:33:31 PM"
"user_29","User 29","user29@example.com","true","9/3/2025, 8:43:42 PM","9/18/2025, 2:33:31 PM"
"user_30","User 30","user30@example.com","false","9/1/2025, 8:13:31 AM","9/18/2025, 2:33:31 PM"
"user_31","User 31","user31@example.com","true","9/6/2025, 4:32:51 PM","9/18/2025, 2:33:31 PM"
"user_32","User 32","user32@example.com","true","9/12/2025, 11:02:14 PM","9/18/2025, 2:33:31 PM"
"user_33","User 33","user33@example.com","false","8/23/2025, 10:24:16 AM","9/18/2025, 2:33:31 PM"
"user_34","User 34","user34@example.com","true","9/16/2025, 2:17:47 AM","9/18/2025, 2:33:31 PM"
"user_35","User 35","user35@example.com","false","8/19/2025, 3:01:15 PM","9/18/2025, 2:33:31 PM"
"user_36","User 36","user36@example.com","true","9/12/2025, 8:15:24 PM","9/18/2025, 2:33:31 PM"
"user_37","User 37","user37@example.com","false","9/1/2025, 7:46:17 AM","9/18/2025, 2:33:31 PM"
"user_38","User 38","user38@example.com","true","9/10/2025, 10:37:28 AM","9/18/2025, 2:33:31 PM"
"user_39","User 39","user39@example.com","true","9/5/2025, 2:29:17 AM","9/18/2025, 2:33:31 PM"
"user_40","User 40","user40@example.com","false","9/1/2025, 10:51:38 AM","9/18/2025, 2:33:31 PM"
"user_41","User 41","user41@example.com","true","9/7/2025, 7:22:25 AM","9/18/2025, 2:33:31 PM"
"user_42","User 42","user42@example.com","false","8/27/2025, 3:12:48 PM","9/18/2025, 2:33:31 PM"
"user_43","User 43","user43@example.com","true","9/10/2025, 11:54:14 PM","9/18/2025, 2:33:31 PM"
"user_44","User 44","user44@example.com","false","8/22/2025, 5:59:51 PM","9/18/2025, 2:33:31 PM"
"user_45","User 45","user45@example.com","false","9/17/2025, 7:30:29 AM","9/18/2025, 2:33:31 PM"
"user_46","User 46","user46@example.com","true","9/2/2025, 3:20:34 AM","9/18/2025, 2:33:31 PM"
"user_47","User 47","user47@example.com","false","9/3/2025, 2:55:45 AM","9/18/2025, 2:33:31 PM"
"user_48","User 48","user48@example.com","true","8/25/2025, 3:05:30 AM","9/18/2025, 2:33:31 PM"
"user_49","User 49","user49@example.com","false","8/21/2025, 8:49:17 AM","9/18/2025, 2:33:31 PM"
"user_50","User 50","user50@example.com","true","9/2/2025, 4:23:23 AM","9/18/2025, 2:33:31 PM"
"user_51","User 51","user51@example.com","true","8/23/2025, 7:31:17 PM","9/18/2025, 2:33:31 PM"
"user_52","User 52","user52@example.com","false","9/16/2025, 5:35:28 PM","9/18/2025, 2:33:31 PM"
"user_53","User 53","user53@example.com","false","9/8/2025, 8:33:16 AM","9/18/2025, 2:33:31 PM"
"user_54","User 54","user54@example.com","true","9/8/2025, 8:36:08 AM","9/18/2025, 2:33:31 PM"
"user_55","User 55","user55@example.com","true","9/15/2025, 9:23:24 AM","9/18/2025, 2:33:31 PM"
"user_56","User 56","user56@example.com","true","9/9/2025, 11:39:17 AM","9/18/2025, 2:33:31 PM"
"user_57","User 57","user57@example.com","true","9/16/2025, 4:26:29 PM","9/18/2025, 2:33:31 PM"
"user_58","User 58","user58@example.com","false","8/30/2025, 1:37:48 PM","9/18/2025, 2:33:31 PM"
"user_59","User 59","user59@example.com","false","9/18/2025, 6:15:37 AM","9/18/2025, 2:33:31 PM"
"user_60","User 60","user60@example.com","true","9/12/2025, 11:29:35 AM","9/18/2025, 2:33:31 PM"
"user_61","User 61","user61@example.com","true","9/18/2025, 6:36:07 AM","9/18/2025, 2:33:31 PM"
"user_62","User 62","user62@example.com","true","9/10/2025, 3:24:46 PM","9/18/2025, 2:33:31 PM"
"user_63","User 63","user63@example.com","false","8/23/2025, 11:17:09 PM","9/18/2025, 2:33:31 PM"
"user_64","User 64","user64@example.com","false","8/26/2025, 3:21:40 PM","9/18/2025, 2:33:31 PM"
"user_65","User 65","user65@example.com","false","8/23/2025, 3:43:07 AM","9/18/2025, 2:33:31 PM"
"user_66","User 66","user66@example.com","true","9/8/2025, 3:08:43 PM","9/18/2025, 2:33:31 PM"
"user_67","User 67","user67@example.com","true","9/10/2025, 2:43:48 AM","9/18/2025, 2:33:31 PM"
"user_68","User 68","user68@example.com","true","9/11/2025, 1:29:14 PM","9/18/2025, 2:33:31 PM"
"user_69","User 69","user69@example.com","true","9/16/2025, 7:51:29 AM","9/18/2025, 2:33:31 PM"
"user_70","User 70","user70@example.com","true","8/31/2025, 8:37:00 PM","9/18/2025, 2:33:31 PM"
"user_71","User 71","user71@example.com","true","8/27/2025, 10:17:16 AM","9/18/2025, 2:33:31 PM"
"user_72","User 72","user72@example.com","true","8/26/2025, 12:54:54 AM","9/18/2025, 2:33:31 PM"
"user_73","User 73","user73@example.com","true","8/27/2025, 7:02:37 AM","9/18/2025, 2:33:31 PM"
"user_74","User 74","user74@example.com","true","9/3/2025, 1:56:10 PM","9/18/2025, 2:33:31 PM"
"user_75","User 75","user75@example.com","true","9/7/2025, 9:57:50 PM","9/18/2025, 2:33:31 PM"
"user_76","User 76","user76@example.com","true","8/31/2025, 11:36:02 AM","9/18/2025, 2:33:31 PM"
"user_77","User 77","user77@example.com","false","9/12/2025, 7:15:09 PM","9/18/2025, 2:33:31 PM"
"user_78","User 78","user78@example.com","true","8/26/2025, 7:47:00 AM","9/18/2025, 2:33:31 PM"
"user_79","User 79","user79@example.com","true","9/6/2025, 11:11:02 PM","9/18/2025, 2:33:31 PM"
"user_80","User 80","user80@example.com","false","9/6/2025, 9:36:40 PM","9/18/2025, 2:33:31 PM"
"user_81","User 81","user81@example.com","true","8/21/2025, 4:20:30 AM","9/18/2025, 2:33:31 PM"
"user_82","User 82","user82@example.com","true","9/13/2025, 8:35:50 AM","9/18/2025, 2:33:31 PM"
"user_83","User 83","user83@example.com","true","9/16/2025, 2:25:48 PM","9/18/2025, 2:33:31 PM"
"user_84","User 84","user84@example.com","false","8/31/2025, 2:01:07 PM","9/18/2025, 2:33:31 PM"
"user_85","User 85","user85@example.com","false","9/17/2025, 10:16:04 PM","9/18/2025, 2:33:31 PM"
"user_86","User 86","user86@example.com","false","8/23/2025, 3:41:13 PM","9/18/2025, 2:33:31 PM"
"user_87","User 87","user87@example.com","false","8/26/2025, 1:40:51 AM","9/18/2025, 2:33:31 PM"
"user_88","User 88","user88@example.com","true","9/12/2025, 12:03:59 AM","9/18/2025, 2:33:31 PM"
"user_89","User 89","user89@example.com","true","9/9/2025, 3:54:50 PM","9/18/2025, 2:33:31 PM"
"user_90","User 90","user90@example.com","true","8/29/2025, 3:21:11 AM","9/18/2025, 2:33:31 PM"
"user_91","User 91","user91@example.com","true","8/29/2025, 3:36:32 AM","9/18/2025, 2:33:31 PM"
"user_92","User 92","user92@example.com","false","9/13/2025, 9:09:54 PM","9/18/2025, 2:33:31 PM"
"user_93","User 93","user93@example.com","false","9/7/2025, 7:17:16 PM","9/18/2025, 2:33:31 PM"
"user_94","User 94","user94@example.com","true","9/5/2025, 7:57:32 PM","9/18/2025, 2:33:31 PM"
"user_95","User 95","user95@example.com","true","9/3/2025, 9:45:36 PM","9/18/2025, 2:33:31 PM"
"user_96","User 96","user96@example.com","true","8/30/2025, 7:11:26 PM","9/18/2025, 2:33:31 PM"
"user_97","User 97","user97@example.com","true","9/9/2025, 1:49:38 PM","9/18/2025, 2:33:31 PM"
"user_98","User 98","user98@example.com","true","8/26/2025, 11:47:28 PM","9/18/2025, 2:33:31 PM"
"user_99","User 99","user99@example.com","true","8/26/2025, 7:52:11 PM","9/18/2025, 2:33:31 PM"
"user_100","User 100","user100@example.com","false","9/7/2025, 12:16:10 AM","9/18/2025, 2:33:31 PM"